label,calibration,test,train,validation
Refund_not_showing_up,24,40,113,25
activate_my_card,24,40,111,24
age_limit,17,40,77,16
apple_pay_or_google_pay,19,40,86,18
atm_support,13,40,60,12
automatic_top_up,19,40,87,19
balance_not_updated_after_bank_transfer,25,40,120,26
balance_not_updated_after_cheque_or_cash_deposit,27,40,127,27
beneficiary_not_allowed,23,40,109,24
cancel_transfer,24,40,110,23
card_about_to_expire,20,40,90,19
card_acceptance,8,40,40,9
card_arrival,23,40,107,23
card_delivery_estimate,17,40,78,17
card_linking,21,40,97,21
card_not_working,16,40,78,17
card_payment_fee_charged,28,40,131,28
card_payment_not_recognised,25,40,118,25
card_payment_wrong_exchange_rate,25,40,117,25
card_swallowed,9,40,43,9
cash_withdrawal_charge,26,40,124,27
cash_withdrawal_not_recognised,24,40,112,24
change_pin,18,40,84,18
compromised_card,13,40,60,12
contactless_not_working,5,40,25,5
country_support,19,40,90,19
declined_card_payment,23,40,106,23
declined_cash_withdrawal,26,40,120,26
declined_transfer,20,40,92,20
direct_debit_payment_not_recognised,28,40,127,27
disposable_card_limits,18,40,85,18
edit_personal_details,18,40,84,18
exchange_charge,18,40,85,18
exchange_rate,17,40,78,17
exchange_via_app,17,40,83,18
extra_charge_on_statement,24,40,115,25
failed_transfer,20,40,95,21
fiat_currency_support,19,40,88,19
get_disposable_virtual_card,15,40,67,14
get_physical_card,16,40,74,16
getting_spare_card,19,40,90,20
getting_virtual_card,14,40,69,15
lost_or_stolen_card,12,40,57,13
lost_or_stolen_phone,18,40,85,18
order_physical_card,18,40,84,18
passcode_forgotten,16,40,73,15
pending_card_payment,24,40,111,24
pending_cash_withdrawal,22,40,100,21
pending_top_up,22,40,100,21
pending_transfer,22,40,104,22
pin_blocked,17,40,79,17
receiving_money,14,40,67,14
request_refund,25,40,118,26
reverted_card_payment?,24,40,112,24
supported_cards_and_currencies,20,40,90,19
terminate_account,16,40,76,16
top_up_by_bank_transfer_charge,17,40,78,16
top_up_by_card_charge,17,40,80,17
top_up_by_cash_or_cheque,17,40,79,17
top_up_failed,21,40,97,21
top_up_limits,13,40,63,14
top_up_reverted,21,40,99,21
topping_up_by_card,16,40,72,15
transaction_charged_twice,26,40,122,27
transfer_fee_charged,25,40,119,26
transfer_into_account,17,40,79,17
transfer_not_received_by_recipient,26,40,120,25
transfer_timing,19,40,90,19
unable_to_verify_identity,16,40,71,15
verify_my_identity,16,40,73,15
verify_source_of_funds,17,40,79,17
verify_top_up,18,40,85,19
virtual_card_not_working,6,40,29,6
visa_or_mastercard,21,40,94,20
why_verify_identity,18,40,85,18
wrong_amount_of_cash_received,27,40,126,27
wrong_exchange_rate_for_cash_withdrawal,24,40,114,25
